"LakeID","n","trend","sig","min_year","max_year","Month"
"114",1146,-0.000572190440682308,0,1981,2017,1
"116",1146,-0.000152805128536237,0,1981,2017,1
"134",1146,-0.000116332586463437,0.176961602671118,1981,2017,1
"135",1146,-0.00747596715140439,0.110183639398998,1981,2017,1
"136",1146,-0.00372163322113475,0.0400667779632722,1981,2017,1
"26",1146,-3.91251526955353e-07,0.66110183639399,1981,2017,1
"27",1146,1.7764219262042e-07,0.714524207011686,1981,2017,1
"29",1146,-1.54687614021729e-05,0.871452420701169,1981,2017,1
"30",1146,-0.00207306271795143,0.023372287145242,1981,2017,1
"31",1146,-0.00125601918698107,0,1981,2017,1
"32",1146,-0.000427134350351088,0,1981,2017,1
"33",1146,-0.000610546486948,0.126878130217028,1981,2017,1
"35",1146,-4.92599178128744e-06,0.140233722871453,1981,2017,1
"WI-213124",1146,-0.000532702683976496,0.0667779632721202,1981,2017,1
"WI-263160",1146,-5.98273344096018e-05,0.0467445742904842,1981,2017,1
"WI-283123",1146,-0.00119183804463823,0.0801335559265441,1981,2017,1
"WI-303121",1146,-0.00372163322113475,0.0400667779632722,1981,2017,1
"WI-363064",1146,-5.62749059508006e-05,0.003338898163606,1981,2017,1
"WI-373390",1146,-6.38533915483691e-05,0.390651085141903,1981,2017,1
"WI-443140",1146,-1.94605980546531e-05,0.333889816360601,1981,2017,1
"WI-493063",1146,-0.000397428590918377,0.003338898163606,1981,2017,1
"WI-493122",1146,-0.00321697814845336,0.0634390651085142,1981,2017,1
"WI-493126",1146,-4.87556419609433e-06,0.467445742904841,1981,2017,1
"WI-493131",1146,-0.00321697814845336,0.0634390651085142,1981,2017,1
"WI-513126",1146,-3.01533598440068e-05,0.13355592654424,1981,2017,1
"WI-523120",1146,-0.00350703405726959,0,1981,2017,1
"WI-563057",1146,-5.02031982966317e-05,0.337228714524207,1981,2017,1
"WI-563058",1146,-2.68592282238342e-05,0.510851419031719,1981,2017,1
"WI-573124",1146,-0.000583402909971117,0.0701168614357262,1981,2017,1
"WI-583047",1146,5.12515287242558e-05,0.657762938230384,1981,2017,1
"WI-593043",1146,-9.71856487540896e-05,0.0701168614357262,1981,2017,1
"WI-593044",1146,-9.71856487540896e-05,0.0701168614357262,1981,2017,1
"WI-593072",1146,7.11920471419041e-06,0,1981,2017,1
"WI-593121",1146,6.16786001420181e-06,0.353923205342237,1981,2017,1
"WI-643451",1146,6.34093211830313e-06,0.327212020033389,1981,2017,1
"WI-653126",1146,-2.53026855730398e-05,0.564273789649416,1981,2017,1
"WI-663053",1146,-0.000136140508726432,0.0367278797996662,1981,2017,1
"WI-663088",1146,-7.78655437581908e-06,0.203672787979967,1981,2017,1
"WI-663091",1146,-7.78655437581908e-06,0.203672787979967,1981,2017,1
"WI-663105",1146,-0.000274496017364873,0.210350584307179,1981,2017,1
"WI-673120",1146,-0.000220336451766513,0.00667779632721199,1981,2017,1
"WI-673123",1146,1.71855591753755e-05,0.697829716193656,1981,2017,1
"WI-673202",1146,-0.00055898353374615,0.11686143572621,1981,2017,1
"WI-673206",1146,-0.00130198479903791,0.003338898163606,1981,2017,1
"WI-673225",1146,-0.00703663741685306,0.013355592654424,1981,2017,1
"WI-683125",1146,-0.000787759407504798,0,1981,2017,1
"WI-683129",1146,-0.000249145420677465,0.01669449081803,1981,2017,1
"WI-683137",1146,3.92930016796953e-05,0.393989983305509,1981,2017,1
"WI-683143",1146,-0.000727670320552346,0.277128547579299,1981,2017,1
"WI-693025",1146,-0.000189615728542049,0.681135225375626,1981,2017,1
"WI-703027",1146,-0.000162725263809744,0.013355592654424,1981,2017,1
"114",1045,-0.000474085862525706,0,1981,2017,2
"116",1045,-0.000136597929931003,0.0767946577629381,1981,2017,2
"134",1045,-0.000139311157969492,0.0701168614357262,1981,2017,2
"135",1045,-0.0218039548771092,0.003338898163606,1981,2017,2
"136",1045,-0.00800171912805334,0,1981,2017,2
"26",1045,-4.47731620158888e-06,0.103505843071786,1981,2017,2
"27",1045,-5.14508211131386e-07,0.617696160267112,1981,2017,2
"29",1045,-0.000116094500412493,0.273789649415693,1981,2017,2
"30",1045,-0.00202728168320216,0.0434056761268782,1981,2017,2
"31",1045,-0.00173945128248161,0,1981,2017,2
"32",1045,-0.000496820376788245,0,1981,2017,2
"33",1045,-0.00134492718166623,0.0300500834724542,1981,2017,2
"35",1045,-2.65999387226193e-06,0.393989983305509,1981,2017,2
"WI-213124",1045,-0.00171037890022564,0,1981,2017,2
"WI-263160",1045,-0.000174226194877616,0,1981,2017,2
"WI-283123",1045,-0.00154585069597081,0.0634390651085142,1981,2017,2
"WI-303121",1045,-0.00800171912805334,0,1981,2017,2
"WI-363064",1045,-5.44557485480891e-05,0,1981,2017,2
"WI-373390",1045,-4.01924775536017e-05,0.470784641068447,1981,2017,2
"WI-443140",1045,-2.7763884970673e-05,0.227045075125209,1981,2017,2
"WI-493063",1045,-0.000608583903866855,0,1981,2017,2
"WI-493122",1045,-0.00353051895126326,0.00667779632721199,1981,2017,2
"WI-493126",1045,-1.08199120781953e-05,0.233722871452421,1981,2017,2
"WI-493131",1045,-0.00353051895126326,0.00667779632721199,1981,2017,2
"WI-513126",1045,-5.34090198413595e-05,0.340567612687813,1981,2017,2
"WI-523120",1045,-0.00455098917319308,0,1981,2017,2
"WI-563057",1045,-3.94418668542669e-05,0.474123539232054,1981,2017,2
"WI-563058",1045,-1.25509100697361e-05,0.601001669449082,1981,2017,2
"WI-573124",1045,-0.000582300361928007,0.00667779632721199,1981,2017,2
"WI-583047",1045,-0.000233711647465882,0.240400667779633,1981,2017,2
"WI-593043",1045,-0.000140957740035159,0.01669449081803,1981,2017,2
"WI-593044",1045,-0.000140957740035159,0.01669449081803,1981,2017,2
"WI-593072",1045,3.76748853645649e-06,0.123539232053422,1981,2017,2
"WI-593121",1045,5.16232822857348e-06,0.347245409015025,1981,2017,2
"WI-643451",1045,8.04314556384933e-06,0.193656093489149,1981,2017,2
"WI-653126",1045,-2.830515019991e-05,0.397328881469115,1981,2017,2
"WI-663053",1045,-0.000256519898012195,0.00667779632721199,1981,2017,2
"WI-663088",1045,-1.06371919979742e-05,0.347245409015025,1981,2017,2
"WI-663091",1045,-1.06371919979742e-05,0.347245409015025,1981,2017,2
"WI-663105",1045,-0.000925117105225658,0.003338898163606,1981,2017,2
"WI-673120",1045,-0.000152126651571744,0.00667779632721199,1981,2017,2
"WI-673123",1045,-1.47766758274811e-05,0.664440734557596,1981,2017,2
"WI-673202",1045,-0.00127487806588033,0.00667779632721199,1981,2017,2
"WI-673206",1045,-0.00136483432536175,0,1981,2017,2
"WI-673225",1045,-0.0181095305534672,0,1981,2017,2
"WI-683125",1045,-0.000829237290486405,0,1981,2017,2
"WI-683129",1045,-0.000663608500763606,0,1981,2017,2
"WI-683137",1045,-2.88828565389286e-05,0.540901502504174,1981,2017,2
"WI-683143",1045,-0.00120517682845443,0.163606010016695,1981,2017,2
"WI-693025",1045,-0.00156661329446748,0.0500834724540902,1981,2017,2
"WI-703027",1045,-0.000324029264354849,0,1981,2017,2
"114",1147,-0.000352635022748137,0.217028380634391,1981,2017,3
"116",1147,-0.000191809732788566,0.103505843071786,1981,2017,3
"134",1147,-0.000234367533645445,0.00667779632721199,1981,2017,3
"135",1147,-0.0252921947139288,0.106844741235392,1981,2017,3
"136",1147,-0.00726160708087767,0.020033388981636,1981,2017,3
"26",1147,-9.5229908335947e-06,0.0834724540901504,1981,2017,3
"27",1147,-2.34254896534822e-06,0.417362270450751,1981,2017,3
"29",1147,-0.000218810248347892,0.186978297161936,1981,2017,3
"30",1147,-0.00409162286904711,0.010016694490818,1981,2017,3
"31",1147,-0.00141428149128592,0.146911519198665,1981,2017,3
"32",1147,-0.00165191025174077,0,1981,2017,3
"33",1147,-0.0026866280775012,0.026711185308848,1981,2017,3
"35",1147,-2.8346424825096e-07,0.888146911519199,1981,2017,3
"WI-213124",1147,-0.00214720936895448,0,1981,2017,3
"WI-263160",1147,-0.00030520617559045,0.023372287145242,1981,2017,3
"WI-283123",1147,-0.00429988182506868,0.020033388981636,1981,2017,3
"WI-303121",1147,-0.00726160708087767,0.020033388981636,1981,2017,3
"WI-363064",1147,-9.15473964386077e-05,0,1981,2017,3
"WI-373390",1147,-0.000196118641059858,0.176961602671118,1981,2017,3
"WI-443140",1147,-5.21539895939005e-05,0.0400667779632722,1981,2017,3
"WI-493063",1147,-0.000524698382025273,0,1981,2017,3
"WI-493122",1147,-0.00724539037115028,0.013355592654424,1981,2017,3
"WI-493126",1147,-1.28074524886254e-05,0.367278797996661,1981,2017,3
"WI-493131",1147,-0.00724539037115028,0.013355592654424,1981,2017,3
"WI-513126",1147,-0.00010987555782896,0.163606010016695,1981,2017,3
"WI-523120",1147,-0.00508869078825389,0,1981,2017,3
"WI-563057",1147,-0.000185060463101863,0.0400667779632722,1981,2017,3
"WI-563058",1147,-9.46124909541239e-06,0.741235392320534,1981,2017,3
"WI-573124",1147,-0.00497558239309847,0.0534223706176962,1981,2017,3
"WI-583047",1147,-0.000439649224301887,0.200333889816361,1981,2017,3
"WI-593043",1147,-0.000142809529626883,0.026711185308848,1981,2017,3
"WI-593044",1147,-0.000142809529626883,0.026711185308848,1981,2017,3
"WI-593072",1147,4.09149559147595e-06,0.257095158597663,1981,2017,3
"WI-593121",1147,4.29684300832809e-06,0.824707846410685,1981,2017,3
"WI-643451",1147,-3.45552828264321e-06,0.841402337228714,1981,2017,3
"WI-653126",1147,-0.000117223772039036,0.0868113522537564,1981,2017,3
"WI-663053",1147,-0.000181439705448659,0.13355592654424,1981,2017,3
"WI-663088",1147,-3.66033055959872e-05,0.210350584307179,1981,2017,3
"WI-663091",1147,-3.66033055959872e-05,0.210350584307179,1981,2017,3
"WI-663105",1147,-0.00120398621400608,0.0400667779632722,1981,2017,3
"WI-673120",1147,-2.13528159212428e-05,0.79465776293823,1981,2017,3
"WI-673123",1147,-4.25811021407274e-05,0.484140233722872,1981,2017,3
"WI-673202",1147,-0.00283583349399922,0,1981,2017,3
"WI-673206",1147,-0.00201241811786436,0,1981,2017,3
"WI-673225",1147,-0.0184660054334077,0.0534223706176962,1981,2017,3
"WI-683125",1147,-0.00166846820282021,0,1981,2017,3
"WI-683129",1147,-0.00241371956041868,0,1981,2017,3
"WI-683137",1147,-0.000122706967853773,0.0701168614357262,1981,2017,3
"WI-683143",1147,-0.00551480829554797,0.01669449081803,1981,2017,3
"WI-693025",1147,-0.00173599453527381,0.290484140233723,1981,2017,3
"WI-703027",1147,-0.000505353337146055,0.00667779632721199,1981,2017,3
"114",1110,0.000322424324677382,0.126878130217028,1981,2017,4
"116",1110,-0.000104044390690407,0.564273789649416,1981,2017,4
"134",1110,-0.000401456216780567,0.0534223706176962,1981,2017,4
"135",1110,-0.0126393526552098,0.353923205342237,1981,2017,4
"136",1110,-0.00355364443781783,0.196994991652755,1981,2017,4
"26",1110,-5.31799458871974e-06,0.454090150250417,1981,2017,4
"27",1110,-1.20567263306391e-06,0.507512520868113,1981,2017,4
"29",1110,7.17654585118864e-05,0.72787979966611,1981,2017,4
"30",1110,-0.00613580786527218,0.00667779632721199,1981,2017,4
"31",1110,-0.00179919983779752,0.0434056761268782,1981,2017,4
"32",1110,-0.00142653424149281,0.013355592654424,1981,2017,4
"33",1110,-0.000984437325783027,0.383973288814691,1981,2017,4
"35",1110,-5.25912763450085e-06,0.444073455759599,1981,2017,4
"WI-213124",1110,-0.00200305173965663,0,1981,2017,4
"WI-263160",1110,-0.000210316396355616,0.0400667779632722,1981,2017,4
"WI-283123",1110,-0.00417705294043413,0.170283806343906,1981,2017,4
"WI-303121",1110,-0.00355364443781783,0.196994991652755,1981,2017,4
"WI-363064",1110,-0.000102725228324609,0.003338898163606,1981,2017,4
"WI-373390",1110,-0.00037082605795129,0.003338898163606,1981,2017,4
"WI-443140",1110,-6.37422388264976e-05,0.103505843071786,1981,2017,4
"WI-493063",1110,-0.000381184070992818,0.203672787979967,1981,2017,4
"WI-493122",1110,-0.0180822451127571,0.01669449081803,1981,2017,4
"WI-493126",1110,2.31243509301383e-06,0.868113522537563,1981,2017,4
"WI-493131",1110,-0.0180822451127571,0.01669449081803,1981,2017,4
"WI-513126",1110,-6.60451838060908e-05,0.457429048414023,1981,2017,4
"WI-523120",1110,-0.00457621627147356,0,1981,2017,4
"WI-563057",1110,-0.000556777529683122,0.010016694490818,1981,2017,4
"WI-563058",1110,-0.000140750230141393,0.0400667779632722,1981,2017,4
"WI-573124",1110,-0.0164609768183406,0.026711185308848,1981,2017,4
"WI-583047",1110,-2.4274635001167e-05,0.858096828046744,1981,2017,4
"WI-593043",1110,-0.000223523079998492,0.020033388981636,1981,2017,4
"WI-593044",1110,-0.000223523079998492,0.020033388981636,1981,2017,4
"WI-593072",1110,-3.40510077727914e-07,0.928213689482471,1981,2017,4
"WI-593121",1110,1.22854227307513e-05,0.300500834724541,1981,2017,4
"WI-643451",1110,-3.20206689967748e-05,0.287145242070117,1981,2017,4
"WI-653126",1110,-0.00017983220426581,0.026711185308848,1981,2017,4
"WI-663053",1110,0.000101052951536575,0.504173622704507,1981,2017,4
"WI-663088",1110,-0.000117707193693807,0.0367278797996662,1981,2017,4
"WI-663091",1110,-0.000117707193693807,0.0367278797996662,1981,2017,4
"WI-663105",1110,-6.57537306851234e-05,0.878130217028381,1981,2017,4
"WI-673120",1110,-2.90924450983303e-05,0.697829716193656,1981,2017,4
"WI-673123",1110,-4.67843682876845e-05,0.343906510851419,1981,2017,4
"WI-673202",1110,-0.00347268901042701,0,1981,2017,4
"WI-673206",1110,-0.00309007318322748,0,1981,2017,4
"WI-673225",1110,-0.00702971760122754,0.387312186978297,1981,2017,4
"WI-683125",1110,-0.0023231816372193,0,1981,2017,4
"WI-683129",1110,-0.00246095891288245,0,1981,2017,4
"WI-683137",1110,-0.000342637906657665,0.0701168614357262,1981,2017,4
"WI-683143",1110,-0.00681028504108248,0.106844741235392,1981,2017,4
"WI-693025",1110,-3.68298668200745e-05,0.951585976627713,1981,2017,4
"WI-703027",1110,-0.000505456925972078,0.0500834724540902,1981,2017,4
"114",1147,0.000408263527501974,0.110183639398998,1981,2017,5
"116",1147,-6.85588912686953e-05,0.66110183639399,1981,2017,5
"134",1147,-0.00028097159022202,0.140233722871453,1981,2017,5
"135",1147,-0.00652862105743119,0.217028380634391,1981,2017,5
"136",1147,-0.00262454133619857,0.0834724540901504,1981,2017,5
"26",1147,1.11587233867415e-06,0.878130217028381,1981,2017,5
"27",1147,4.08271804108998e-07,0.828046744574291,1981,2017,5
"29",1147,9.95428546979034e-05,0.537562604340568,1981,2017,5
"30",1147,-0.00224153547808017,0.160267111853089,1981,2017,5
"31",1147,-0.00149208490246557,0.0434056761268782,1981,2017,5
"32",1147,-0.000780501224440693,0.003338898163606,1981,2017,5
"33",1147,-0.000384913854525508,0.457429048414023,1981,2017,5
"35",1147,8.04261288916195e-06,0.337228714524207,1981,2017,5
"WI-213124",1147,-0.00233493361997672,0.003338898163606,1981,2017,5
"WI-263160",1147,-3.90341855588686e-05,0.487479131886478,1981,2017,5
"WI-283123",1147,-0.0016290347087038,0.427378964941569,1981,2017,5
"WI-303121",1147,-0.00262454133619857,0.0834724540901504,1981,2017,5
"WI-363064",1147,-0.000101974218936945,0.003338898163606,1981,2017,5
"WI-373390",1147,-0.000622312139789279,0.0333889816360602,1981,2017,5
"WI-443140",1147,-7.43924444573727e-06,0.921535893155259,1981,2017,5
"WI-493063",1147,-0.000445350359245753,0.0367278797996662,1981,2017,5
"WI-493122",1147,-0.00828664291068725,0.0667779632721202,1981,2017,5
"WI-493126",1147,7.51203220265013e-06,0.737896494156928,1981,2017,5
"WI-493131",1147,-0.00828664291068725,0.0667779632721202,1981,2017,5
"WI-513126",1147,2.22003946657267e-05,0.784641068447412,1981,2017,5
"WI-523120",1147,-0.00349410904157233,0,1981,2017,5
"WI-563057",1147,-0.000423394307092902,0.0734557595993321,1981,2017,5
"WI-563058",1147,-0.000162485162825179,0.0968280467445743,1981,2017,5
"WI-573124",1147,-0.00317970624007068,0.517529215358931,1981,2017,5
"WI-583047",1147,0.000236690575740846,0.287145242070117,1981,2017,5
"WI-593043",1147,-0.000149644400965391,0.126878130217028,1981,2017,5
"WI-593044",1147,-0.000149644400965391,0.126878130217028,1981,2017,5
"WI-593072",1147,-4.63568102001772e-06,0.524207011686143,1981,2017,5
"WI-593121",1147,2.23893255693668e-05,0.0701168614357262,1981,2017,5
"WI-643451",1147,-1.75447050835195e-05,0.621035058430718,1981,2017,5
"WI-653126",1147,-0.00016201326348058,0.026711185308848,1981,2017,5
"WI-663053",1147,0.000109718427221542,0.353923205342237,1981,2017,5
"WI-663088",1147,3.63053441418948e-06,0.898163606010017,1981,2017,5
"WI-663091",1147,3.63053441418948e-06,0.898163606010017,1981,2017,5
"WI-663105",1147,-0.000138584607281821,0.647746243739566,1981,2017,5
"WI-673120",1147,-0.000405890646876332,0,1981,2017,5
"WI-673123",1147,-2.92771997385041e-05,0.651085141903172,1981,2017,5
"WI-673202",1147,-0.00232597435724788,0.003338898163606,1981,2017,5
"WI-673206",1147,-0.00367351376969845,0.003338898163606,1981,2017,5
"WI-673225",1147,-0.00267072169669583,0.450751252086811,1981,2017,5
"WI-683125",1147,-0.00203614512353852,0.003338898163606,1981,2017,5
"WI-683129",1147,-0.00150881509541392,0.013355592654424,1981,2017,5
"WI-683137",1147,-0.000205605854908332,0.0834724540901504,1981,2017,5
"WI-683143",1147,-0.000812070541049126,0.767946577629382,1981,2017,5
"WI-693025",1147,-0.00020045231324476,0.898163606010017,1981,2017,5
"WI-703027",1147,-0.000437999104694351,0.013355592654424,1981,2017,5
"114",1110,0.000253875580414317,0.414023372287145,1981,2017,6
"116",1110,-6.78112829469958e-05,0.651085141903172,1981,2017,6
"134",1110,-0.000162650377402574,0.143572621035059,1981,2017,6
"135",1110,0.000762210110697834,0.858096828046745,1981,2017,6
"136",1110,-0.00261964139040446,0.200333889816361,1981,2017,6
"26",1110,-8.65923285106191e-08,0.988313856427379,1981,2017,6
"27",1110,2.990290975369e-06,0.136894824707846,1981,2017,6
"29",1110,0.000397895007705458,0.0200333889816361,1981,2017,6
"30",1110,-0.00162967459148261,0.273789649415693,1981,2017,6
"31",1110,-0.00179793246209273,0.0467445742904842,1981,2017,6
"32",1110,-0.000632545995026612,0.0500834724540902,1981,2017,6
"33",1110,0.000366382080328886,0.621035058430718,1981,2017,6
"35",1110,7.9144447834734e-06,0.190317195325543,1981,2017,6
"WI-213124",1110,-0.00165678759567062,0.026711185308848,1981,2017,6
"WI-263160",1110,8.96667289695205e-05,0.584307178631052,1981,2017,6
"WI-283123",1110,-0.000959894133118176,0.567612687813022,1981,2017,6
"WI-303121",1110,-0.00261964139040446,0.200333889816361,1981,2017,6
"WI-363064",1110,-4.71472891928792e-05,0.106844741235392,1981,2017,6
"WI-373390",1110,-0.000364995197343444,0.213689482470785,1981,2017,6
"WI-443140",1110,1.2069678445657e-05,0.848080133555927,1981,2017,6
"WI-493063",1110,-0.000244442613762772,0.343906510851419,1981,2017,6
"WI-493122",1110,-0.00443960439563579,0.233722871452421,1981,2017,6
"WI-493126",1110,2.23127398340345e-05,0.267111853088481,1981,2017,6
"WI-493131",1110,-0.00443960439563579,0.233722871452421,1981,2017,6
"WI-513126",1110,0.000117406937977669,0.601001669449082,1981,2017,6
"WI-523120",1110,-0.00246534878744081,0.003338898163606,1981,2017,6
"WI-563057",1110,-0.000398640113446045,0.013355592654424,1981,2017,6
"WI-563058",1110,-0.000159671213155337,0.0567612687813022,1981,2017,6
"WI-573124",1110,0.00118363725387058,0.6110183639399,1981,2017,6
"WI-583047",1110,0.000650207389595774,0.0200333889816361,1981,2017,6
"WI-593043",1110,-0.000155268085491665,0.0901502504173624,1981,2017,6
"WI-593044",1110,-0.000155268085491665,0.0901502504173624,1981,2017,6
"WI-593072",1110,-5.56089099296298e-06,0.460767946577629,1981,2017,6
"WI-593121",1110,3.91673420884665e-05,0.0467445742904841,1981,2017,6
"WI-643451",1110,4.78315343795269e-06,0.894824707846411,1981,2017,6
"WI-653126",1110,-6.91241009921408e-05,0.247078464106845,1981,2017,6
"WI-663053",1110,0.000215694831263505,0.176961602671119,1981,2017,6
"WI-663088",1110,9.54009125813154e-06,0.7779632721202,1981,2017,6
"WI-663091",1110,9.54009125813154e-06,0.7779632721202,1981,2017,6
"WI-663105",1110,0.000676703241001338,0.126878130217028,1981,2017,6
"WI-673120",1110,-0.000233146663593384,0.203672787979967,1981,2017,6
"WI-673123",1110,1.69799585529809e-05,0.834724540901502,1981,2017,6
"WI-673202",1110,-0.00132014121404583,0.0601001669449082,1981,2017,6
"WI-673206",1110,-0.00409094178544112,0.003338898163606,1981,2017,6
"WI-673225",1110,0.00103625225538165,0.81135225375626,1981,2017,6
"WI-683125",1110,-0.00136574804152362,0.020033388981636,1981,2017,6
"WI-683129",1110,-0.000952001904427689,0.0667779632721202,1981,2017,6
"WI-683137",1110,-0.000273532017983822,0.0834724540901504,1981,2017,6
"WI-683143",1110,0.000486875167860917,0.751252086811352,1981,2017,6
"WI-693025",1110,0.000874427219256655,0.300500834724541,1981,2017,6
"WI-703027",1110,-0.000318886658297545,0.0934891485809684,1981,2017,6
"114",1147,-2.94995771242122e-05,0.811352253756261,1981,2017,7
"116",1147,-0.000262809080683796,0.026711185308848,1981,2017,7
"134",1147,-0.000219057621622194,0.013355592654424,1981,2017,7
"135",1147,-0.0057961953482923,0.430717863105175,1981,2017,7
"136",1147,-0.00704566212941642,0,1981,2017,7
"26",1147,-5.23201825837859e-06,0.220367278797997,1981,2017,7
"27",1147,-1.16220173152961e-06,0.557595993322204,1981,2017,7
"29",1147,-0.000205803998300834,0.307178631051753,1981,2017,7
"30",1147,-0.00522550880827408,0.003338898163606,1981,2017,7
"31",1147,-0.00225685884278457,0,1981,2017,7
"32",1147,-0.000864109059913192,0.003338898163606,1981,2017,7
"33",1147,-0.000688690187759409,0.0934891485809684,1981,2017,7
"35",1147,3.13993070626805e-06,0.674457429048414,1981,2017,7
"WI-213124",1147,-0.00343068211606007,0.00667779632721199,1981,2017,7
"WI-263160",1147,-0.000175961739641123,0.0701168614357262,1981,2017,7
"WI-283123",1147,-0.00216841304826092,0.0634390651085142,1981,2017,7
"WI-303121",1147,-0.00704566212941642,0,1981,2017,7
"WI-363064",1147,-6.36808119941709e-05,0.0400667779632722,1981,2017,7
"WI-373390",1147,-0.000710143324128676,0.013355592654424,1981,2017,7
"WI-443140",1147,-6.01541884590055e-05,0.126878130217028,1981,2017,7
"WI-493063",1147,-0.000429750406742679,0.013355592654424,1981,2017,7
"WI-493122",1147,-0.00667219275551729,0,1981,2017,7
"WI-493126",1147,-1.93766206581751e-05,0.18363939899833,1981,2017,7
"WI-493131",1147,-0.00667219275551729,0,1981,2017,7
"WI-513126",1147,7.03407405253613e-05,0.407345575959933,1981,2017,7
"WI-523120",1147,-0.00427463145063734,0,1981,2017,7
"WI-563057",1147,-0.000357625278801202,0,1981,2017,7
"WI-563058",1147,-0.000349897851968732,0,1981,2017,7
"WI-573124",1147,-0.00209943808691433,0.0534223706176962,1981,2017,7
"WI-583047",1147,-7.98127217045623e-05,0.687813021702838,1981,2017,7
"WI-593043",1147,-0.000204713122951309,0,1981,2017,7
"WI-593044",1147,-0.000204713122951309,0,1981,2017,7
"WI-593072",1147,-1.0049289650213e-05,0.0801335559265441,1981,2017,7
"WI-593121",1147,4.40561032773858e-05,0.0467445742904841,1981,2017,7
"WI-643451",1147,-1.55756032942826e-05,0.557595993322204,1981,2017,7
"WI-653126",1147,-0.000134292130826914,0.0333889816360602,1981,2017,7
"WI-663053",1147,-2.89422461348277e-05,0.814691151919867,1981,2017,7
"WI-663088",1147,-3.37448024554603e-06,0.838063439065108,1981,2017,7
"WI-663091",1147,-3.37448024554603e-06,0.838063439065108,1981,2017,7
"WI-663105",1147,-0.000564676003660967,0.026711185308848,1981,2017,7
"WI-673120",1147,-0.000438740273032714,0.0734557595993321,1981,2017,7
"WI-673123",1147,-1.69108541076181e-05,0.704507512520868,1981,2017,7
"WI-673202",1147,-0.0030976780362055,0,1981,2017,7
"WI-673206",1147,-0.00424950607927675,0,1981,2017,7
"WI-673225",1147,-0.00160690245386287,0.901502504173623,1981,2017,7
"WI-683125",1147,-0.00140540397378974,0.003338898163606,1981,2017,7
"WI-683129",1147,-0.00122738756066382,0.00667779632721199,1981,2017,7
"WI-683137",1147,-0.00019805115381476,0,1981,2017,7
"WI-683143",1147,-0.000609702148516448,0.587646076794658,1981,2017,7
"WI-693025",1147,7.5040113563866e-05,0.908180300500835,1981,2017,7
"WI-703027",1147,-0.000172156511782068,0.173622704507512,1981,2017,7
"114",1147,-0.000198116709138507,0.0534223706176962,1981,2017,8
"116",1147,-0.000462248386467537,0,1981,2017,8
"134",1147,-0.000462700695457946,0,1981,2017,8
"135",1147,-0.0119241141771752,0.00667779632721199,1981,2017,8
"136",1147,-0.00690294338518779,0,1981,2017,8
"26",1147,-3.19482349451617e-06,0.631051752921536,1981,2017,8
"27",1147,-1.63235932217524e-06,0.0367278797996662,1981,2017,8
"29",1147,-0.000405835321182974,0.010016694490818,1981,2017,8
"30",1147,-0.00299398020649417,0.0300500834724542,1981,2017,8
"31",1147,-0.00146599598115401,0,1981,2017,8
"32",1147,-0.000692814556515055,0,1981,2017,8
"33",1147,-0.00149116474773861,0,1981,2017,8
"35",1147,-9.62132059669416e-07,0.831385642737897,1981,2017,8
"WI-213124",1147,-0.00384561014149976,0,1981,2017,8
"WI-263160",1147,-4.67027950690939e-05,0.01669449081803,1981,2017,8
"WI-283123",1147,-0.00146334683601119,0.173622704507512,1981,2017,8
"WI-303121",1147,-0.00690294338518779,0,1981,2017,8
"WI-363064",1147,-7.56134257621731e-05,0,1981,2017,8
"WI-373390",1147,-0.00054966404976026,0.01669449081803,1981,2017,8
"WI-443140",1147,-9.74496196869239e-05,0.0834724540901504,1981,2017,8
"WI-493063",1147,-0.000352965332832209,0,1981,2017,8
"WI-493122",1147,-0.00609245958733098,0,1981,2017,8
"WI-493126",1147,-2.61682538986025e-05,0.010016694490818,1981,2017,8
"WI-493131",1147,-0.00609245958733098,0,1981,2017,8
"WI-513126",1147,-9.31263486984018e-05,0.350584307178631,1981,2017,8
"WI-523120",1147,-0.00461469403409986,0,1981,2017,8
"WI-563057",1147,-0.000267100912706519,0.003338898163606,1981,2017,8
"WI-563058",1147,-0.000169266742479794,0,1981,2017,8
"WI-573124",1147,-0.0018614776256524,0.01669449081803,1981,2017,8
"WI-583047",1147,-0.00014324958592382,0.330550918196995,1981,2017,8
"WI-593043",1147,-0.000195338213362151,0.010016694490818,1981,2017,8
"WI-593044",1147,-0.000195338213362151,0.010016694490818,1981,2017,8
"WI-593072",1147,-3.12530026022121e-06,0.457429048414023,1981,2017,8
"WI-593121",1147,-1.03871430893095e-05,0.67779632721202,1981,2017,8
"WI-643451",1147,-2.06205649619359e-05,0.1669449081803,1981,2017,8
"WI-653126",1147,-9.50711376581425e-05,0.0367278797996662,1981,2017,8
"WI-663053",1147,-0.000110165474335987,0.317195325542571,1981,2017,8
"WI-663088",1147,-1.72592027852191e-05,0.203672787979967,1981,2017,8
"WI-663091",1147,-1.72592027852191e-05,0.203672787979967,1981,2017,8
"WI-663105",1147,-0.000844125270064855,0.003338898163606,1981,2017,8
"WI-673120",1147,-0.0004615948006204,0.003338898163606,1981,2017,8
"WI-673123",1147,-2.05747051710927e-05,0.514190317195325,1981,2017,8
"WI-673202",1147,-0.0023694753513925,0,1981,2017,8
"WI-673206",1147,-0.00296598252926981,0.003338898163606,1981,2017,8
"WI-673225",1147,-0.00859748916819827,0.00667779632721199,1981,2017,8
"WI-683125",1147,-0.00131755090523178,0,1981,2017,8
"WI-683129",1147,-0.000609271301303248,0.0767946577629381,1981,2017,8
"WI-683137",1147,-0.000155490472158273,0.143572621035059,1981,2017,8
"WI-683143",1147,-0.000267000519826865,0.684474123539232,1981,2017,8
"WI-693025",1147,-0.000578822147680193,0.13355592654424,1981,2017,8
"WI-703027",1147,-0.000306360350545477,0,1981,2017,8
"114",1110,-0.000214233327134499,0.0601001669449082,1981,2017,9
"116",1110,-0.000358813903075151,0,1981,2017,9
"134",1110,-0.000561042519774413,0,1981,2017,9
"135",1110,-0.0100432068106687,0.01669449081803,1981,2017,9
"136",1110,-0.00563334805948105,0,1981,2017,9
"26",1110,-7.63407478451291e-06,0.010016694490818,1981,2017,9
"27",1110,-1.45158234873039e-06,0.0667779632721202,1981,2017,9
"29",1110,-0.000217316082321525,0.0333889816360602,1981,2017,9
"30",1110,-0.00406947535537561,0.0300500834724542,1981,2017,9
"31",1110,-0.00192141288263963,0.00667779632721199,1981,2017,9
"32",1110,-0.000406779357148778,0.00667779632721199,1981,2017,9
"33",1110,-0.000860245289906144,0.01669449081803,1981,2017,9
"35",1110,-5.16529254011358e-06,0.414023372287145,1981,2017,9
"WI-213124",1110,-0.00267564875963804,0,1981,2017,9
"WI-263160",1110,-8.10651252132421e-05,0.026711185308848,1981,2017,9
"WI-283123",1110,-0.00118411242261312,0.153589315525877,1981,2017,9
"WI-303121",1110,-0.00563334805948105,0,1981,2017,9
"WI-363064",1110,-0.000109103393211151,0,1981,2017,9
"WI-373390",1110,-0.000442349242300913,0.003338898163606,1981,2017,9
"WI-443140",1110,-4.30032917742379e-05,0.253756260434057,1981,2017,9
"WI-493063",1110,-0.000418056078925447,0,1981,2017,9
"WI-493122",1110,-0.00699335823922173,0,1981,2017,9
"WI-493126",1110,-1.98100153878933e-05,0.0767946577629381,1981,2017,9
"WI-493131",1110,-0.00699335823922173,0,1981,2017,9
"WI-513126",1110,-0.000124767067505393,0.173622704507512,1981,2017,9
"WI-523120",1110,-0.00479917681238531,0,1981,2017,9
"WI-563057",1110,-0.000254342611820744,0.00667779632721199,1981,2017,9
"WI-563058",1110,-0.00011034145677239,0.0734557595993321,1981,2017,9
"WI-573124",1110,-0.00316184860201444,0.0367278797996662,1981,2017,9
"WI-583047",1110,-0.000185437578783983,0.317195325542571,1981,2017,9
"WI-593043",1110,-0.00020054633385337,0.010016694490818,1981,2017,9
"WI-593044",1110,-0.00020054633385337,0.010016694490818,1981,2017,9
"WI-593072",1110,-2.58981924730938e-06,0.490818030050084,1981,2017,9
"WI-593121",1110,-7.30207407879846e-06,0.597662771285476,1981,2017,9
"WI-643451",1110,-1.11456659793897e-05,0.383973288814691,1981,2017,9
"WI-653126",1110,-6.71837346572644e-05,0.0500834724540902,1981,2017,9
"WI-663053",1110,-4.83021880153313e-05,0.514190317195325,1981,2017,9
"WI-663088",1110,-7.66254416968338e-05,0,1981,2017,9
"WI-663091",1110,-7.66254416968338e-05,0,1981,2017,9
"WI-663105",1110,-0.000608110412122208,0.00667779632721199,1981,2017,9
"WI-673120",1110,-0.00048033476904256,0.0300500834724542,1981,2017,9
"WI-673123",1110,-0.000108769396266608,0.370617696160267,1981,2017,9
"WI-673202",1110,-0.00200082540136818,0,1981,2017,9
"WI-673206",1110,-0.0013607564618273,0.0601001669449082,1981,2017,9
"WI-673225",1110,-0.00694636201887426,0.026711185308848,1981,2017,9
"WI-683125",1110,-0.00111042729270408,0,1981,2017,9
"WI-683129",1110,-0.000561121655375905,0.0500834724540902,1981,2017,9
"WI-683137",1110,4.23455080373479e-05,0.601001669449082,1981,2017,9
"WI-683143",1110,-0.000944783347199869,0.273789649415693,1981,2017,9
"WI-693025",1110,-0.000547317776720769,0.123539232053422,1981,2017,9
"WI-703027",1110,-0.000198705468050483,0.026711185308848,1981,2017,9
"114",1147,-0.000135954476888598,0.140233722871453,1981,2017,10
"116",1147,-0.00017262367353902,0.020033388981636,1981,2017,10
"134",1147,-0.000479935810342523,0.013355592654424,1981,2017,10
"135",1147,-0.00940644316348007,0.0634390651085142,1981,2017,10
"136",1147,-0.00497989736826948,0,1981,2017,10
"26",1147,-4.92891539410261e-06,0.0834724540901504,1981,2017,10
"27",1147,-1.02282210676467e-06,0.253756260434057,1981,2017,10
"29",1147,-0.00016385772510451,0.0534223706176962,1981,2017,10
"30",1147,-0.00347705627256612,0.0834724540901504,1981,2017,10
"31",1147,-0.00187389248287895,0,1981,2017,10
"32",1147,-0.000520552398572987,0.010016694490818,1981,2017,10
"33",1147,-0.000859368246453836,0.023372287145242,1981,2017,10
"35",1147,-6.1138755908528e-06,0.150250417362271,1981,2017,10
"WI-213124",1147,-0.001697144330085,0,1981,2017,10
"WI-263160",1147,-0.000122981224074085,0.003338898163606,1981,2017,10
"WI-283123",1147,-0.00101942540722951,0.370617696160267,1981,2017,10
"WI-303121",1147,-0.00497989736826948,0,1981,2017,10
"WI-363064",1147,-8.61479787850178e-05,0,1981,2017,10
"WI-373390",1147,-0.000327392900825896,0.003338898163606,1981,2017,10
"WI-443140",1147,2.79062403016299e-05,0.444073455759599,1981,2017,10
"WI-493063",1147,-0.000439832213839399,0,1981,2017,10
"WI-493122",1147,-0.00852428374418281,0.003338898163606,1981,2017,10
"WI-493126",1147,-9.04964817877842e-06,0.180300500834724,1981,2017,10
"WI-493131",1147,-0.00852428374418281,0.003338898163606,1981,2017,10
"WI-513126",1147,-0.00010283944779126,0.0634390651085142,1981,2017,10
"WI-523120",1147,-0.00426328334563828,0,1981,2017,10
"WI-563057",1147,-0.000181822029434609,0.0734557595993321,1981,2017,10
"WI-563058",1147,-5.35098009971604e-05,0.49415692821369,1981,2017,10
"WI-573124",1147,-0.00293193818330697,0.0667779632721202,1981,2017,10
"WI-583047",1147,-0.000295358804994161,0.0767946577629381,1981,2017,10
"WI-593043",1147,-0.000137595356166459,0.0968280467445743,1981,2017,10
"WI-593044",1147,-0.000137595356166459,0.0968280467445743,1981,2017,10
"WI-593072",1147,7.51521871670513e-06,0.0968280467445743,1981,2017,10
"WI-593121",1147,2.89416001906835e-06,0.731218697829716,1981,2017,10
"WI-643451",1147,4.34418970692958e-06,0.547579298831386,1981,2017,10
"WI-653126",1147,-5.92435609858314e-05,0.227045075125209,1981,2017,10
"WI-663053",1147,-0.000137483031021236,0.020033388981636,1981,2017,10
"WI-663088",1147,-4.08260380625362e-05,0.0634390651085142,1981,2017,10
"WI-663091",1147,-4.08260380625362e-05,0.0634390651085142,1981,2017,10
"WI-663105",1147,-0.000531399756154276,0.00667779632721199,1981,2017,10
"WI-673120",1147,-0.000265202844081783,0.0333889816360602,1981,2017,10
"WI-673123",1147,-9.848320635805e-05,0.340567612687813,1981,2017,10
"WI-673202",1147,-0.00252525107916134,0.0367278797996662,1981,2017,10
"WI-673206",1147,-0.00164635548475981,0.00667779632721199,1981,2017,10
"WI-673225",1147,-0.00823637058476673,0,1981,2017,10
"WI-683125",1147,-0.000826181706675769,0,1981,2017,10
"WI-683129",1147,-0.000658169502874954,0.0300500834724542,1981,2017,10
"WI-683137",1147,7.7167262693429e-05,0.517529215358932,1981,2017,10
"WI-683143",1147,-0.00150061312633111,0.193656093489148,1981,2017,10
"WI-693025",1147,-0.00089146950874019,0.01669449081803,1981,2017,10
"WI-703027",1147,-0.000194283504197452,0.010016694490818,1981,2017,10
"114",1110,-0.000545193811716091,0,1981,2017,11
"116",1110,-0.000267967768424693,0.003338898163606,1981,2017,11
"134",1110,-0.000367664064582773,0.010016694490818,1981,2017,11
"135",1110,-0.0160629675094385,0.003338898163606,1981,2017,11
"136",1110,-0.00536531439848149,0.020033388981636,1981,2017,11
"26",1110,-3.34499437284219e-06,0.106844741235392,1981,2017,11
"27",1110,-1.22938088899311e-06,0.323873121869783,1981,2017,11
"29",1110,-0.000254638414755086,0.00667779632721199,1981,2017,11
"30",1110,-0.00263064825783323,0.0500834724540902,1981,2017,11
"31",1110,-0.00222999394461424,0,1981,2017,11
"32",1110,-0.000775719094355681,0,1981,2017,11
"33",1110,-0.00171419700476799,0.020033388981636,1981,2017,11
"35",1110,-1.0702986670356e-05,0.0801335559265441,1981,2017,11
"WI-213124",1110,-0.00154918785728927,0,1981,2017,11
"WI-263160",1110,-0.000202512017607035,0,1981,2017,11
"WI-283123",1110,-0.00184386026451905,0.0801335559265441,1981,2017,11
"WI-303121",1110,-0.00536531439848149,0.020033388981636,1981,2017,11
"WI-363064",1110,-0.000105319384092431,0,1981,2017,11
"WI-373390",1110,-0.000237456576107895,0.023372287145242,1981,2017,11
"WI-443140",1110,1.71903795759308e-05,0.474123539232053,1981,2017,11
"WI-493063",1110,-0.000531239490498231,0.003338898163606,1981,2017,11
"WI-493122",1110,-0.00744440527887882,0.003338898163606,1981,2017,11
"WI-493126",1110,-1.31569970001466e-05,0.0701168614357262,1981,2017,11
"WI-493131",1110,-0.00744440527887882,0.003338898163606,1981,2017,11
"WI-513126",1110,-9.38149844085484e-05,0.013355592654424,1981,2017,11
"WI-523120",1110,-0.00513794471763996,0,1981,2017,11
"WI-563057",1110,-0.000224820900078942,0.0333889816360602,1981,2017,11
"WI-563058",1110,-2.76829245190788e-05,0.554257095158598,1981,2017,11
"WI-573124",1110,-0.00310829742497362,0.00667779632721199,1981,2017,11
"WI-583047",1110,-0.000294500364598428,0.0534223706176962,1981,2017,11
"WI-593043",1110,-0.000187444287475544,0.0333889816360602,1981,2017,11
"WI-593044",1110,-0.000187444287475544,0.0333889816360602,1981,2017,11
"WI-593072",1110,7.79532866501364e-06,0.00667779632721202,1981,2017,11
"WI-593121",1110,4.89009918536523e-06,0.510851419031719,1981,2017,11
"WI-643451",1110,-1.77266813577014e-05,0.0534223706176962,1981,2017,11
"WI-653126",1110,-0.00010005398426379,0.0968280467445743,1981,2017,11
"WI-663053",1110,-0.00024332440281531,0,1981,2017,11
"WI-663088",1110,-2.96236787433313e-05,0.0300500834724542,1981,2017,11
"WI-663091",1110,-2.96236787433313e-05,0.0300500834724542,1981,2017,11
"WI-663105",1110,-0.000927178842895309,0,1981,2017,11
"WI-673120",1110,-0.000210917782424412,0.00667779632721199,1981,2017,11
"WI-673123",1110,-0.000140080131795992,0.0701168614357262,1981,2017,11
"WI-673202",1110,-0.00196166386982873,0,1981,2017,11
"WI-673206",1110,-0.00123685706204079,0.020033388981636,1981,2017,11
"WI-673225",1110,-0.0145635427710439,0,1981,2017,11
"WI-683125",1110,-0.00114245018331107,0,1981,2017,11
"WI-683129",1110,-0.000683279131578344,0,1981,2017,11
"WI-683137",1110,-2.40993149461943e-05,0.691151919866444,1981,2017,11
"WI-683143",1110,-0.0017250990045219,0.0701168614357262,1981,2017,11
"WI-693025",1110,-0.00164527557334164,0.020033388981636,1981,2017,11
"WI-703027",1110,-0.000267253776319864,0,1981,2017,11
"114",1147,-0.000570157524163178,0,1981,2017,12
"116",1147,-0.000220150445308512,0.013355592654424,1981,2017,12
"134",1147,-0.000294281621198583,0.01669449081803,1981,2017,12
"135",1147,-0.0162436876925718,0.013355592654424,1981,2017,12
"136",1147,-0.0049174968433384,0.0667779632721202,1981,2017,12
"26",1147,-1.06389399611309e-06,0.590984974958264,1981,2017,12
"27",1147,-8.31039377570285e-07,0.377295492487479,1981,2017,12
"29",1147,-0.000189039463133222,0.0367278797996662,1981,2017,12
"30",1147,-0.00157698312819166,0.293823038397329,1981,2017,12
"31",1147,-0.00173966368070576,0.003338898163606,1981,2017,12
"32",1147,-0.000551207606629533,0.003338898163606,1981,2017,12
"33",1147,-0.00130680837651624,0.0434056761268782,1981,2017,12
"35",1147,-6.81434426167413e-06,0.0601001669449082,1981,2017,12
"WI-213124",1147,-0.00105454877942209,0,1981,2017,12
"WI-263160",1147,-0.000150111855865898,0.010016694490818,1981,2017,12
"WI-283123",1147,-0.00149339285687325,0.0901502504173624,1981,2017,12
"WI-303121",1147,-0.0049174968433384,0.0667779632721202,1981,2017,12
"WI-363064",1147,-8.48863621118841e-05,0,1981,2017,12
"WI-373390",1147,-0.000256492913884163,0.003338898163606,1981,2017,12
"WI-443140",1147,-4.07339107735704e-06,0.861435726210351,1981,2017,12
"WI-493063",1147,-0.00058704188586801,0.013355592654424,1981,2017,12
"WI-493122",1147,-0.00377703484156698,0.0500834724540902,1981,2017,12
"WI-493126",1147,-1.38001726431894e-05,0.0500834724540902,1981,2017,12
"WI-493131",1147,-0.00377703484156698,0.0500834724540902,1981,2017,12
"WI-513126",1147,-0.000104612487577063,0.010016694490818,1981,2017,12
"WI-523120",1147,-0.0040913555867826,0,1981,2017,12
"WI-563057",1147,-0.000129828917801314,0.170283806343906,1981,2017,12
"WI-563058",1147,-5.08086510676884e-05,0.313856427378965,1981,2017,12
"WI-573124",1147,-0.00117381820355261,0.0333889816360602,1981,2017,12
"WI-583047",1147,-0.000195431033371447,0.170283806343906,1981,2017,12
"WI-593043",1147,-0.000107443012607066,0.1669449081803,1981,2017,12
"WI-593044",1147,-0.000107443012607066,0.1669449081803,1981,2017,12
"WI-593072",1147,8.7519398960937e-06,0,1981,2017,12
"WI-593121",1147,8.53954140644535e-06,0.173622704507513,1981,2017,12
"WI-643451",1147,-1.33178095122814e-05,0.113522537562604,1981,2017,12
"WI-653126",1147,-6.12854704676523e-05,0.200333889816361,1981,2017,12
"WI-663053",1147,-0.000250087498230284,0.0400667779632722,1981,2017,12
"WI-663088",1147,-1.70386028993273e-05,0.210350584307179,1981,2017,12
"WI-663091",1147,-1.70386028993273e-05,0.210350584307179,1981,2017,12
"WI-663105",1147,-0.000618668661591968,0.00667779632721199,1981,2017,12
"WI-673120",1147,-0.000178055619110038,0.0300500834724542,1981,2017,12
"WI-673123",1147,-2.88492816147536e-05,0.721202003338898,1981,2017,12
"WI-673202",1147,-0.00166871833894588,0.020033388981636,1981,2017,12
"WI-673206",1147,-0.00104354818905517,0.020033388981636,1981,2017,12
"WI-673225",1147,-0.0133278891535228,0,1981,2017,12
"WI-683125",1147,-0.000914090547135401,0,1981,2017,12
"WI-683129",1147,-0.00032670760675426,0.013355592654424,1981,2017,12
"WI-683137",1147,7.80892244022351e-06,0.931552587646077,1981,2017,12
"WI-683143",1147,-0.00127753079492298,0.0834724540901504,1981,2017,12
"WI-693025",1147,-0.00148517431342722,0.0367278797996662,1981,2017,12
"WI-703027",1147,-0.000302912841385237,0.013355592654424,1981,2017,12
